ticker,Return,Volatility,Sharpe,Min_Corr,Corr_value,D,W,M,3M,6M,A,YTD
MMM,8.24%,36.70%,0.22,VNT,0.06,6.08%,2.11%,1.19%,10.06%,14.05%,2.77%,6.61%
ABBV,20.09%,34.34%,0.59,NEM,0.12,-5.52%,0.31%,2.46%,24.00%,11.97%,27.72%,-0.99%
ABMD,71.29%,45.83%,1.56,KR,0.05,-3.61%,5.52%,18.28%,17.01%,34.21%,90.05%,15.23%
ACN,16.95%,40.06%,0.42,KR,0.20,-2.72%,0.44%,4.87%,16.04%,22.58%,26.04%,-3.79%
ATVI,40.23%,37.98%,1.06,OTIS,-0.09,-4.02%,4.12%,16.82%,14.70%,22.33%,57.29%,-2.07%
ADBE,31.12%,46.45%,0.67,CARR,0.09,-3.42%,3.13%,4.52%,1.98%,14.89%,51.64%,-6.86%
AMD,58.24%,59.25%,0.98,CARR,0.01,-6.20%,5.19%,-1.03%,11.86%,74.32%,99.98%,-3.74%
AAP,-3.90%,46.40%,-0.08,KR,0.10,-6.15%,-0.90%,6.81%,2.77%,10.92%,-0.90%,-3.86%
AES,19.81%,57.98%,0.34,KR,0.01,-6.51%,-1.81%,14.97%,30.72%,64.91%,22.15%,1.87%
AFL,-9.13%,55.71%,-0.16,CLX,-0.08,-2.76%,-0.11%,1.23%,23.14%,25.17%,-13.60%,4.16%
A,33.07%,35.61%,0.93,VNT,0.18,-4.13%,0.10%,1.36%,17.60%,34.33%,39.79%,2.73%
APD,17.11%,42.94%,0.40,VNT,0.09,-2.88%,-1.15%,-1.99%,-7.82%,14.24%,18.82%,1.50%
AKAM,25.95%,37.77%,0.69,FRT,-0.07,2.94%,2.45%,1.43%,-5.02%,-1.96%,21.54%,9.30%
ALK,-27.84%,77.98%,-0.36,CTXS,-0.11,-5.75%,1.53%,2.02%,41.96%,43.41%,-22.81%,-2.65%
ALB,76.86%,60.88%,1.26,VNT,0.12,-3.72%,-3.57%,8.79%,65.68%,92.34%,105.39%,12.19%
ARE,7.61%,41.33%,0.18,VNT,0.08,-1.64%,0.28%,9.53%,12.08%,11.26%,13.27%,-5.57%
ALXN,33.83%,45.01%,0.75,CARR,0.07,-3.75%,1.93%,27.95%,36.54%,39.20%,44.47%,1.01%
ALGN,59.53%,66.91%,0.89,KR,-0.03,-4.76%,-5.84%,11.03%,63.24%,94.72%,91.51%,-0.01%
ALLE,-7.19%,44.32%,-0.16,VNT,0.07,0.80%,-0.70%,2.35%,18.01%,14.56%,-5.41%,-2.21%
LNT,-6.08%,37.47%,-0.16,VNT,0.08,-1.73%,-0.12%,-2.03%,0.46%,9.22%,-3.16%,-4.27%
ALL,1.30%,41.71%,0.03,KR,0.13,0.90%,1.87%,7.41%,17.38%,14.60%,-0.12%,0.78%
GOOGL,28.23%,38.02%,0.74,VNT,0.13,-4.67%,9.55%,-0.10%,19.59%,23.60%,30.85%,5.92%
GOOG,28.85%,37.81%,0.76,VNT,0.13,-4.51%,9.50%,-0.50%,19.21%,23.93%,31.03%,6.53%
MO,-6.91%,35.11%,-0.20,DPZ,0.11,-0.97%,1.53%,5.04%,8.28%,8.74%,-10.21%,4.27%
AMZN,51.31%,37.48%,1.37,VNT,-0.05,-2.81%,6.06%,2.81%,3.44%,18.06%,76.26%,0.69%
AMCR,7.16%,46.33%,0.15,KR,0.13,-1.34%,0.36%,3.88%,7.58%,17.63%,13.42%,-4.55%
AEE,2.11%,41.82%,0.05,CARR,0.06,-0.16%,-2.03%,1.03%,-0.64%,12.38%,4.26%,-3.32%
AAL,-44.66%,97.83%,-0.46,CHD,-0.12,6.63%,0.38%,11.61%,28.32%,20.66%,-44.81%,14.90%
AEP,-9.71%,37.24%,-0.26,CARR,0.05,-1.69%,2.00%,-1.91%,2.72%,6.29%,-9.01%,-1.86%
AXP,-3.13%,60.97%,-0.05,CLX,-0.04,-1.77%,3.27%,1.96%,21.11%,28.12%,-1.14%,-1.53%
AIG,-21.05%,69.63%,-0.30,KR,-0.01,-3.86%,-3.07%,-0.71%,38.64%,23.78%,-23.08%,1.80%
AMT,2.56%,42.57%,0.06,VNT,0.07,-1.39%,1.83%,-2.37%,-6.62%,-12.27%,-0.48%,2.47%
AWK,26.13%,41.34%,0.63,VNT,0.05,-1.63%,0.75%,0.06%,6.29%,20.14%,26.88%,4.12%
AMP,19.59%,66.70%,0.29,KR,0.12,-4.64%,1.69%,4.91%,26.86%,31.18%,19.82%,4.13%
ABC,24.25%,41.00%,0.59,NEM,0.16,-1.84%,0.90%,-5.19%,1.29%,-2.18%,17.03%,11.50%
AME,13.23%,45.21%,0.29,CLX,0.14,-1.98%,-1.39%,2.19%,21.86%,35.79%,22.19%,-5.08%
AMGN,8.15%,36.86%,0.22,CARR,-0.00,-2.92%,3.26%,3.55%,-8.92%,-1.20%,-1.99%,11.94%
APH,15.12%,39.92%,0.38,KR,0.07,-3.42%,0.38%,0.19%,21.05%,37.12%,22.09%,-3.54%
ADI,22.12%,48.77%,0.45,VNT,0.12,-4.81%,-1.38%,6.69%,27.11%,21.62%,26.87%,1.20%
ANSS,31.39%,44.91%,0.70,VNT,0.15,-4.85%,2.82%,7.61%,11.18%,24.70%,41.33%,0.17%
ANTM,0.55%,53.39%,0.01,KR,0.05,-7.15%,-3.78%,3.38%,19.90%,22.89%,7.74%,-5.78%
AON,0.97%,38.67%,0.03,CARR,0.03,-1.51%,-0.71%,3.11%,2.66%,10.20%,2.37%,-1.42%
AOS,22.40%,38.85%,0.58,NEM,0.08,-2.39%,1.64%,-2.65%,4.35%,17.46%,17.46%,9.05%
APA,-50.91%,129.68%,-0.39,CPB,-0.16,-4.58%,-5.02%,10.09%,50.23%,5.58%,-43.71%,4.38%
AAPL,60.44%,45.49%,1.33,VNT,-0.06,-0.77%,9.38%,11.46%,14.77%,46.01%,82.31%,5.03%
AMAT,47.47%,58.89%,0.81,KR,0.15,-6.59%,3.09%,4.63%,45.59%,43.66%,43.29%,17.94%
APTV,28.86%,72.54%,0.40,CLX,-0.04,-5.70%,-2.28%,9.76%,42.11%,67.21%,37.54%,0.54%
ADM,11.28%,39.17%,0.29,DPZ,0.21,-4.98%,1.19%,1.29%,9.22%,28.29%,12.44%,0.32%
ANET,36.24%,47.15%,0.77,VNT,0.08,-0.43%,-1.85%,7.34%,40.42%,38.35%,42.86%,5.27%
AJG,19.87%,39.61%,0.50,KR,0.05,-3.66%,1.49%,7.61%,17.63%,27.92%,32.12%,-6.57%
AIZ,5.28%,47.99%,0.11,KR,0.02,0.25%,-3.76%,5.50%,12.84%,33.20%,6.09%,-1.66%
T,-18.58%,34.53%,-0.54,DPZ,0.17,-2.05%,-0.82%,0.03%,2.73%,-1.43%,-21.37%,3.96%
ATO,-15.57%,40.11%,-0.39,VNT,0.04,-0.13%,-1.04%,-0.48%,0.46%,-3.01%,-12.73%,-4.56%
ADSK,40.37%,49.41%,0.82,KR,0.10,-6.27%,-3.03%,8.96%,32.18%,27.66%,66.43%,-6.08%
ADP,2.71%,43.42%,0.06,VNT,0.05,0.69%,0.53%,1.88%,27.00%,19.77%,5.86%,-2.77%
AZO,-4.32%,41.04%,-0.11,KR,0.14,-4.80%,-1.70%,4.20%,0.66%,5.08%,-0.49%,-2.59%
AVB,-15.70%,49.18%,-0.32,KR,0.06,-2.52%,0.45%,-2.71%,8.52%,5.92%,-20.27%,4.15%
AVY,15.33%,46.98%,0.33,NFLX,0.11,-4.31%,-1.66%,4.30%,21.84%,37.21%,20.86%,-0.44%
BKR,-17.00%,68.13%,-0.25,CLX,0.04,-0.97%,-3.06%,11.38%,58.70%,38.53%,-15.15%,-2.45%
BLL,28.43%,38.48%,0.74,VNT,0.12,-3.91%,0.35%,-2.95%,12.28%,34.55%,45.19%,-5.59%
BAC,-11.80%,56.63%,-0.21,CLX,0.03,-3.59%,-4.42%,8.31%,26.60%,29.31%,-11.63%,0.28%
BK,-16.91%,48.07%,-0.35,CLX,0.04,-3.68%,-7.99%,8.49%,24.64%,11.69%,-12.91%,-4.30%
BAX,-5.77%,35.97%,-0.16,VNT,0.04,-3.45%,-0.66%,5.82%,0.10%,-6.24%,-2.95%,-2.45%
BDX,-4.02%,35.52%,-0.11,VNT,0.01,-2.89%,-1.14%,6.92%,7.91%,5.29%,-6.75%,2.28%
BRK-B,2.13%,33.64%,0.06,KR,0.15,-1.82%,-0.24%,1.29%,8.89%,29.89%,2.37%,-0.03%
BBY,26.75%,49.95%,0.54,VNT,0.18,-0.99%,0.82%,-7.78%,-9.84%,15.57%,16.71%,14.93%
BIO,38.73%,40.26%,0.96,SPG,0.03,-4.16%,-1.05%,8.25%,13.09%,29.11%,57.54%,-3.61%
BIIB,-11.21%,64.22%,-0.17,HST,-0.05,-2.40%,-2.32%,1.95%,-13.68%,-8.48%,-17.48%,9.01%
BLK,34.73%,46.56%,0.75,VNT,0.13,-3.33%,1.00%,3.85%,28.69%,34.09%,47.21%,-0.49%
BA,-46.72%,84.46%,-0.55,CPB,-0.08,-3.97%,0.74%,1.59%,29.53%,16.78%,-33.90%,-8.18%
BKNG,-3.22%,50.56%,-0.06,CPB,-0.09,-4.89%,-2.50%,9.80%,30.20%,39.87%,8.45%,-10.53%
BWA,1.45%,49.78%,0.03,CLX,-0.03,2.14%,10.88%,-0.54%,0.17%,10.39%,-9.19%,12.99%
BXP,-31.41%,56.32%,-0.56,KR,-0.01,-3.24%,-4.05%,-2.68%,18.97%,6.97%,-28.33%,-2.33%
BSX,-20.08%,43.47%,-0.46,VNT,-0.01,-2.24%,1.93%,8.45%,-5.91%,2.39%,-20.50%,1.03%
BMY,2.43%,29.28%,0.08,DPZ,0.16,-3.76%,-2.98%,0.20%,4.49%,7.95%,0.41%,1.92%
AVGO,36.08%,50.52%,0.71,KR,0.11,-4.13%,4.30%,9.96%,21.21%,41.19%,44.88%,3.14%
BR,16.95%,35.19%,0.48,DPZ,0.13,-5.38%,-1.74%,4.71%,16.51%,22.40%,26.28%,-5.36%
BF-B,8.88%,38.40%,0.23,VNT,0.03,0.22%,-1.43%,-1.30%,5.69%,25.33%,18.67%,-7.15%
CHRW,15.99%,32.85%,0.49,VNT,0.13,-6.13%,2.72%,0.45%,-7.63%,20.00%,22.95%,-3.45%
COG,8.45%,50.89%,0.17,NFLX,0.04,3.59%,-2.25%,-7.08%,-5.65%,-4.18%,-4.33%,14.47%
CDNS,58.54%,45.13%,1.30,CARR,0.13,-4.03%,2.06%,17.31%,27.95%,42.17%,96.70%,-2.47%
CPB,7.58%,31.93%,0.24,SYY,-0.14,5.53%,0.34%,-3.34%,0.68%,-1.18%,0.72%,7.01%
COF,3.37%,70.78%,0.05,KR,-0.05,2.76%,-6.39%,15.43%,37.73%,58.38%,-2.66%,7.18%
CAH,12.63%,44.10%,0.29,VNT,0.06,-0.34%,-0.09%,-0.99%,15.12%,4.65%,10.09%,4.54%
KMX,28.89%,57.65%,0.50,KR,-0.04,-4.96%,11.46%,1.05%,2.77%,5.48%,7.74%,29.35%
CCL,-85.03%,118.74%,-0.72,DPZ,-0.20,1.39%,-2.74%,8.41%,42.69%,31.91%,-56.89%,-7.76%
CARR,133.19%,60.59%,2.20,NFLX,-0.16,-2.92%,-2.15%,-0.61%,24.19%,70.70%,nan%,0.16%
CTLT,63.45%,51.19%,1.24,KR,0.03,-3.35%,1.14%,8.25%,21.49%,41.98%,84.85%,8.28%
CAT,24.06%,44.00%,0.55,CLX,0.09,-3.51%,-0.85%,4.86%,22.78%,45.85%,26.97%,2.90%
CBOE,-20.09%,42.60%,-0.47,KR,0.08,-4.36%,-1.46%,1.97%,6.62%,0.75%,-21.17%,0.99%
CBRE,3.07%,60.24%,0.05,KR,-0.00,-0.74%,3.94%,2.58%,33.53%,38.70%,2.33%,1.04%
CDW,-4.98%,48.38%,-0.10,CLX,0.09,-0.91%,1.24%,1.00%,10.59%,14.17%,-6.55%,2.59%
CE,1.58%,52.96%,0.03,CLX,0.01,-5.00%,-2.00%,0.47%,21.56%,52.28%,8.25%,-6.02%
CNC,-4.06%,52.74%,-0.08,KR,0.16,-2.80%,-3.88%,-2.63%,2.91%,-5.54%,-4.52%,1.01%
CNP,-17.08%,57.71%,-0.30,KR,0.04,-4.97%,-0.09%,-6.68%,12.51%,17.47%,-17.98%,-0.23%
CERN,11.50%,30.68%,0.37,VNT,0.06,2.42%,-0.39%,5.16%,8.87%,15.12%,8.11%,4.40%
CF,-11.17%,57.41%,-0.19,CLX,0.03,-2.62%,-4.74%,3.78%,27.32%,40.15%,-15.76%,6.61%
SCHW,11.68%,51.83%,0.23,NEM,0.02,-5.19%,-0.60%,8.73%,46.97%,58.65%,13.57%,2.21%
CHTR,27.85%,35.16%,0.79,VNT,0.07,-5.20%,2.83%,1.47%,5.96%,29.71%,36.38%,-0.37%
CVX,-22.53%,59.67%,-0.38,CLX,0.02,-1.30%,-0.39%,-3.13%,19.02%,-2.58%,-25.95%,5.58%
CMG,52.97%,47.91%,1.11,KR,-0.03,-1.54%,6.29%,7.54%,11.50%,31.77%,65.65%,8.07%
CB,-1.54%,47.35%,-0.03,KR,0.07,-3.40%,-1.71%,4.65%,33.23%,22.99%,1.41%,-3.61%
CHD,22.02%,31.40%,0.70,AAL,-0.06,-0.25%,-0.38%,-0.62%,-6.66%,13.44%,25.46%,1.49%
CI,7.11%,51.92%,0.14,KR,0.08,-1.48%,2.06%,-0.46%,22.89%,10.94%,1.83%,6.11%
CINF,-13.82%,57.46%,-0.24,VNT,0.04,-2.92%,-6.81%,15.30%,12.91%,38.56%,-14.15%,-1.41%
CTAS,18.57%,50.80%,0.37,VNT,-0.04,-1.53%,-0.49%,-0.52%,7.31%,34.10%,32.74%,-7.98%
CSCO,-0.30%,40.28%,-0.01,VNT,0.10,0.97%,-1.45%,4.02%,14.66%,-2.40%,-3.49%,3.03%
C,-21.81%,65.83%,-0.33,CLX,-0.01,-2.48%,-4.52%,11.97%,44.80%,23.40%,-19.70%,-2.01%
CFG,-3.71%,74.65%,-0.05,KR,-0.03,-4.97%,-5.51%,9.49%,43.43%,45.94%,-6.73%,3.30%
CTXS,20.33%,40.84%,0.50,MRO,-0.15,3.86%,-3.98%,5.27%,-5.27%,-11.59%,18.59%,5.71%
CLX,36.73%,31.56%,1.16,WMB,-0.24,4.31%,2.45%,-0.51%,-3.43%,-7.03%,34.46%,10.80%
CME,-5.49%,47.27%,-0.12,KR,0.05,-2.70%,-4.06%,5.96%,10.85%,14.69%,-6.34%,0.86%
CMS,-5.14%,37.70%,-0.14,CARR,0.06,-2.52%,-0.36%,-0.86%,-0.02%,5.79%,-0.31%,-6.03%
KO,-7.06%,34.00%,-0.21,VNT,0.09,-1.54%,-0.43%,6.28%,11.95%,24.70%,2.47%,-10.21%
CTSH,22.36%,46.69%,0.48,KR,0.11,-4.27%,0.40%,4.89%,18.39%,45.12%,33.93%,-4.44%
CL,16.08%,30.51%,0.53,CARR,0.07,-0.91%,-3.97%,-0.15%,11.45%,18.06%,27.17%,-6.57%
CMCSA,14.38%,37.46%,0.38,VNT,0.13,-3.33%,-0.02%,4.30%,13.84%,35.11%,19.13%,-1.73%
CMA,-12.21%,74.41%,-0.16,CTXS,-0.11,-5.52%,-2.54%,15.02%,47.95%,51.12%,-16.79%,5.25%
CAG,6.88%,33.21%,0.21,APA,0.02,0.79%,1.54%,-0.82%,2.33%,4.50%,8.70%,-2.39%
CXO,-23.42%,67.74%,-0.35,CTXS,-0.07,0.00%,0.00%,1.51%,32.85%,14.25%,-32.38%,12.43%
COP,-38.68%,70.98%,-0.54,KR,-0.05,-2.47%,-5.39%,1.09%,23.27%,-2.68%,-36.04%,2.28%
ED,-17.35%,39.77%,-0.44,VNT,-0.00,1.79%,-1.11%,-5.22%,-6.24%,2.46%,-16.99%,-1.29%
STZ,12.72%,44.62%,0.29,KR,0.06,-2.97%,3.15%,6.42%,16.07%,26.28%,17.41%,-2.13%
COO,12.55%,39.49%,0.32,KR,0.12,-4.43%,0.83%,8.38%,7.77%,28.11%,13.10%,1.05%
CPRT,17.61%,42.67%,0.41,KR,0.05,-1.83%,-1.03%,10.22%,21.01%,52.82%,39.93%,-13.24%
GLW,23.82%,49.87%,0.48,KR,0.17,-5.22%,-0.53%,-3.79%,11.76%,40.80%,27.57%,1.49%
CTVA,30.99%,50.17%,0.62,CLX,0.11,-2.00%,-3.86%,1.04%,34.88%,45.77%,33.49%,3.90%
COST,21.09%,28.10%,0.75,CARR,0.01,-2.35%,0.04%,-1.31%,9.12%,28.04%,32.67%,-4.44%
CCI,13.83%,41.23%,0.34,VNT,0.03,-2.18%,1.06%,-4.19%,-3.58%,-3.34%,15.49%,-0.35%
CSX,16.86%,44.93%,0.38,KR,0.12,-3.39%,-6.19%,0.78%,17.17%,30.94%,27.09%,-4.67%
CMI,30.58%,42.22%,0.72,KR,0.09,-3.13%,4.11%,-1.76%,8.17%,32.66%,30.50%,8.60%
CVS,2.22%,38.49%,0.06,VNT,-0.04,-2.44%,-2.16%,0.75%,17.94%,6.85%,-5.14%,8.30%
DHI,32.54%,58.21%,0.56,KR,0.03,-4.02%,12.04%,-7.22%,-8.61%,24.97%,32.23%,8.56%
DHR,36.66%,33.06%,1.11,LUMN,0.12,-5.03%,0.54%,-1.03%,3.25%,25.84%,45.34%,2.39%
DRI,8.01%,79.57%,0.10,K,-0.14,-5.46%,0.74%,10.32%,18.60%,57.68%,10.45%,-1.25%
DVA,44.71%,40.00%,1.12,NEM,0.15,-1.18%,0.71%,6.87%,37.07%,48.34%,56.47%,3.96%
DE,49.36%,45.05%,1.10,KR,0.13,-5.16%,3.31%,3.14%,21.74%,72.29%,57.96%,9.24%
DAL,-36.29%,78.59%,-0.46,CTXS,-0.15,-2.03%,0.05%,-0.10%,31.49%,43.35%,-30.77%,-1.17%
XRAY,-0.52%,46.78%,-0.01,KR,-0.07,-3.13%,-2.07%,3.09%,19.97%,19.35%,-6.59%,6.34%
DVN,-34.46%,96.99%,-0.36,CTXS,-0.11,2.14%,-9.04%,13.81%,68.30%,45.18%,-35.34%,7.59%
DXCM,47.43%,54.24%,0.87,AAL,0.05,-3.26%,4.49%,15.65%,-10.31%,-8.80%,69.02%,-2.06%
FANG,-37.85%,105.65%,-0.36,DG,-0.19,-5.07%,7.60%,21.12%,62.57%,18.09%,-46.00%,20.27%
DLR,23.24%,41.91%,0.55,VNT,-0.01,2.28%,2.92%,4.43%,-4.12%,-0.21%,20.37%,5.72%
DFS,2.23%,82.92%,0.03,CLX,-0.06,-5.34%,-5.62%,18.85%,57.58%,83.36%,10.13%,-6.22%
DISCA,22.36%,51.23%,0.44,CLX,0.00,7.74%,1.99%,11.82%,38.22%,42.61%,-8.09%,41.31%
DISCK,8.93%,50.65%,0.18,KR,-0.06,-5.45%,1.67%,9.03%,33.62%,35.98%,-14.10%,30.24%
DISH,-15.46%,61.75%,-0.25,CLX,0.19,-4.44%,-7.25%,-9.84%,11.40%,-6.29%,-8.82%,-5.69%
DG,24.13%,30.33%,0.80,FANG,0.01,-3.15%,-2.47%,-3.79%,0.50%,10.79%,35.89%,-4.54%
DLTR,10.67%,46.26%,0.23,KR,0.07,-3.92%,-0.42%,-1.10%,18.28%,16.57%,14.88%,-4.20%
D,-4.96%,43.38%,-0.11,VNT,0.07,-0.76%,0.29%,-3.43%,-3.97%,-5.52%,-5.35%,-1.59%
DPZ,22.54%,40.44%,0.56,CCL,-0.16,-0.51%,1.37%,-2.12%,-9.65%,4.21%,31.63%,-3.25%
DOV,4.51%,45.24%,0.10,KR,0.07,-4.27%,-0.05%,3.46%,17.00%,31.86%,11.53%,-5.35%
DOW,4.00%,60.93%,0.07,CLX,0.09,-2.42%,0.33%,4.70%,19.44%,40.00%,7.88%,-2.29%
DTE,-1.05%,46.33%,-0.02,KR,0.07,-1.69%,-1.30%,-2.64%,6.47%,14.94%,-2.86%,0.72%
DUK,6.78%,39.93%,0.17,CARR,0.13,-1.30%,-1.98%,-1.19%,4.42%,17.10%,4.77%,1.89%
DRE,16.69%,45.37%,0.37,VNT,0.17,-1.79%,3.44%,5.02%,9.01%,14.34%,18.32%,0.25%
DD,22.80%,50.36%,0.45,KR,0.07,-2.42%,-1.52%,12.09%,28.77%,35.19%,13.28%,12.50%
DXC,-22.67%,90.89%,-0.25,KR,-0.04,-3.00%,2.56%,17.53%,44.26%,56.06%,-30.14%,10.50%
EMN,25.77%,50.21%,0.51,CLX,0.00,-2.97%,1.37%,3.65%,29.24%,46.18%,31.78%,0.14%
ETN,23.09%,49.64%,0.47,CLX,0.10,-4.87%,1.02%,-0.80%,18.57%,39.28%,30.99%,-1.34%
EBAY,43.86%,37.26%,1.18,VNT,-0.02,-1.39%,1.88%,-0.36%,-3.25%,-3.61%,41.16%,15.00%
ECL,12.13%,46.79%,0.26,KR,0.11,-0.94%,0.77%,-2.39%,8.50%,9.24%,13.17%,0.22%
EIX,-17.02%,44.20%,-0.39,KR,0.10,-3.55%,-4.15%,3.48%,24.90%,19.75%,-12.75%,-5.78%
EW,6.78%,42.50%,0.16,KR,0.09,-1.96%,-2.67%,8.75%,14.29%,32.01%,17.32%,-7.20%
EA,26.43%,35.47%,0.75,MAR,-0.07,-0.05%,5.04%,12.56%,10.26%,8.89%,33.75%,0.81%
EMR,8.58%,52.64%,0.16,CLX,0.04,-2.89%,1.18%,4.62%,23.40%,31.36%,8.61%,1.69%
ENPH,174.20%,99.28%,1.75,KR,-0.01,-4.44%,11.27%,28.48%,112.46%,268.87%,571.53%,5.14%
ETR,-16.19%,45.56%,-0.36,KR,0.13,-1.14%,-1.34%,-8.28%,2.22%,8.35%,-13.73%,-3.16%
EOG,-35.08%,75.66%,-0.46,DPZ,-0.08,2.84%,-7.32%,6.38%,40.16%,0.22%,-38.64%,10.79%
EFX,25.15%,40.64%,0.62,VNT,-0.07,-0.99%,0.98%,15.54%,23.19%,12.73%,39.00%,-5.16%
EQIX,23.80%,39.36%,0.60,VNT,0.01,-0.48%,1.89%,2.35%,-5.71%,2.40%,24.22%,3.74%
EQR,-18.37%,49.32%,-0.37,KR,0.05,-2.92%,-0.05%,3.41%,16.68%,3.03%,-23.61%,5.85%
ESS,-14.75%,49.30%,-0.30,KR,0.03,-1.88%,1.22%,-2.59%,19.28%,5.57%,-18.09%,2.77%
EL,15.77%,40.35%,0.39,KR,0.05,-3.86%,0.28%,8.51%,22.23%,41.70%,29.77%,-8.09%
ETSY,135.94%,70.46%,1.93,OTIS,0.04,-5.40%,4.49%,10.71%,46.27%,67.48%,301.60%,13.24%
EVRG,-12.35%,48.00%,-0.26,VNT,0.08,-1.53%,-0.92%,0.18%,10.30%,-4.54%,-11.67%,-2.70%
ES,8.93%,43.72%,0.20,CARR,0.04,-1.51%,-1.31%,-0.48%,4.24%,5.30%,4.45%,4.63%
RE,-17.84%,48.23%,-0.37,KR,0.11,-3.63%,-0.99%,3.68%,19.32%,15.12%,-13.03%,-6.22%
EXC,-2.71%,47.30%,-0.06,KR,0.19,-4.27%,-1.89%,2.80%,19.13%,18.57%,-3.87%,0.38%
EXPE,15.32%,68.65%,0.22,GIS,-0.20,-6.30%,-2.96%,6.35%,44.40%,61.07%,22.89%,-2.92%
EXPD,18.97%,31.31%,0.61,VNT,0.12,-0.51%,0.62%,6.42%,5.69%,25.81%,23.47%,-1.20%
EXR,11.85%,40.58%,0.29,VNT,0.10,-1.59%,2.88%,3.62%,9.18%,27.49%,13.64%,-0.77%
XOM,-31.23%,51.60%,-0.61,CLX,-0.01,-1.13%,-0.96%,8.10%,22.97%,-3.74%,-36.21%,11.89%
FFIV,33.45%,40.18%,0.83,VNT,-0.02,-3.52%,4.73%,8.06%,43.31%,26.14%,25.99%,14.06%
FB,25.21%,45.05%,0.56,VNT,-0.05,-3.51%,9.21%,-1.38%,4.30%,20.30%,33.09%,0.28%
FAST,27.60%,37.70%,0.73,VNT,0.11,0.44%,-5.47%,-0.45%,9.79%,16.19%,36.60%,-0.96%
FRT,-27.04%,64.21%,-0.42,AKAM,-0.09,-0.54%,1.44%,-1.19%,17.35%,2.47%,-30.66%,5.31%
FDX,44.28%,50.75%,0.87,NEM,0.08,-2.74%,0.60%,-9.20%,3.45%,86.10%,74.27%,-5.98%
FIS,-8.46%,44.17%,-0.19,KR,0.07,-4.39%,-0.50%,-4.46%,-3.68%,6.00%,2.71%,-11.51%
FITB,0.55%,71.95%,0.01,KR,-0.03,-4.40%,-3.04%,9.89%,32.28%,46.28%,-5.43%,6.86%
FE,-37.37%,52.72%,-0.71,CARR,0.06,-3.35%,-1.26%,15.25%,8.07%,-18.90%,-34.18%,0.69%
FRC,22.27%,46.54%,0.48,CLX,0.15,-3.59%,1.83%,13.41%,34.94%,39.10%,25.97%,1.71%
FISV,-8.93%,45.53%,-0.20,KR,0.04,-2.82%,-0.85%,-1.15%,10.49%,16.64%,-1.53%,-7.59%
FLT,-10.33%,52.25%,-0.20,CLX,-0.07,-6.03%,0.82%,2.87%,14.59%,8.47%,-5.18%,-7.37%
FLIR,3.94%,57.93%,0.07,OTIS,0.01,0.33%,1.25%,14.62%,22.80%,9.01%,-14.39%,22.15%
FLS,-22.17%,62.20%,-0.36,KR,-0.11,-0.81%,3.57%,8.73%,35.78%,30.81%,-23.85%,3.15%
FMC,8.95%,50.19%,0.18,KR,0.07,-2.52%,-4.66%,-0.51%,8.98%,16.34%,17.32%,-4.82%
F,14.90%,55.09%,0.27,REGN,-0.05,-3.57%,17.19%,-3.19%,31.98%,44.57%,-3.88%,24.46%
FTNT,28.95%,52.79%,0.55,CARR,0.09,-2.56%,3.21%,20.53%,26.08%,8.20%,39.13%,0.09%
FTV,5.26%,44.75%,0.12,KR,0.02,-1.28%,-1.28%,0.98%,11.15%,25.32%,11.26%,-4.91%
FBHS,26.43%,55.81%,0.47,KR,0.04,-3.83%,4.81%,2.66%,-0.64%,34.84%,32.92%,0.75%
FOXA,-10.34%,49.76%,-0.21,REGN,0.07,-1.57%,-4.22%,0.97%,4.64%,9.48%,-20.22%,13.43%
FOX,-13.52%,48.82%,-0.28,CLX,0.08,-2.78%,-4.01%,1.76%,3.25%,8.50%,-19.41%,8.17%
BEN,11.16%,53.02%,0.21,DPZ,0.14,-1.63%,-0.34%,14.94%,24.20%,23.74%,1.46%,11.68%
FCX,67.73%,70.52%,0.96,KR,0.00,-4.52%,0.46%,11.24%,66.37%,124.89%,99.06%,5.94%
GPS,18.25%,90.89%,0.20,EA,-0.06,-10.45%,2.40%,-3.67%,18.56%,59.98%,20.16%,3.10%
GRMN,19.95%,36.15%,0.55,KR,0.16,-3.38%,2.33%,3.01%,26.79%,24.12%,25.86%,-0.61%
IT,1.24%,47.18%,0.03,CLX,0.02,-3.51%,0.00%,5.39%,28.20%,32.03%,3.95%,-2.53%
GD,-11.01%,39.09%,-0.28,DPZ,0.12,1.60%,-0.26%,-0.35%,8.33%,1.08%,-13.14%,3.10%
GE,0.38%,61.26%,0.01,NEM,-0.06,0.80%,-1.94%,6.19%,73.51%,58.53%,-2.73%,3.89%
GIS,16.56%,30.33%,0.55,NCLH,-0.06,2.15%,-0.48%,-3.32%,-3.87%,-3.07%,13.60%,3.31%
GM,32.17%,60.83%,0.53,CTXS,-0.08,-5.19%,10.87%,-5.02%,40.72%,64.58%,15.16%,23.14%
GPC,-2.70%,49.92%,-0.05,KR,0.09,-2.66%,-0.50%,2.93%,6.39%,17.37%,-2.19%,-0.96%
GILD,2.57%,36.67%,0.07,HLT,-0.03,-1.83%,5.70%,-2.89%,-6.76%,-22.62%,-6.70%,12.63%
GL,-10.91%,51.41%,-0.21,CLX,0.09,-3.13%,-1.81%,2.00%,19.13%,28.56%,-8.92%,-1.91%
GPN,0.41%,52.99%,0.01,KR,0.02,-4.70%,-2.02%,10.48%,21.43%,27.28%,18.51%,-14.81%
GS,18.93%,50.67%,0.37,CLX,0.11,-2.99%,-3.86%,14.99%,31.93%,34.98%,17.45%,5.36%
GWW,9.53%,41.33%,0.23,VNT,-0.04,-1.65%,1.24%,-2.38%,14.92%,31.08%,22.85%,-9.54%
HAL,-24.53%,94.59%,-0.26,KR,-0.05,-5.05%,-7.23%,14.22%,57.26%,46.40%,-21.23%,-2.70%
HBI,13.50%,62.24%,0.22,CPB,0.07,2.69%,-0.89%,2.68%,-6.34%,31.98%,3.22%,11.04%
HIG,-15.76%,63.14%,-0.25,AKAM,-0.02,-3.81%,-2.52%,10.81%,33.83%,28.97%,-16.98%,0.51%
HAS,-6.23%,52.75%,-0.12,CLX,0.01,-2.00%,0.29%,0.55%,14.00%,27.00%,-8.42%,1.36%
HCA,10.17%,58.52%,0.17,KR,-0.03,-4.33%,-1.07%,9.74%,32.19%,69.81%,11.89%,0.22%
PEAK,-5.57%,57.60%,-0.10,KR,0.03,-3.19%,0.73%,4.75%,12.78%,12.55%,-7.69%,-0.36%
HSIC,3.01%,42.88%,0.07,DPZ,0.02,-1.36%,-3.26%,3.97%,13.75%,14.51%,0.21%,2.44%
HSY,3.34%,36.57%,0.09,VNT,0.07,-2.23%,-0.18%,3.00%,6.84%,18.80%,5.90%,-2.51%
HES,-15.68%,79.32%,-0.20,KR,-0.10,-2.13%,-1.82%,12.39%,29.55%,2.94%,-19.14%,5.15%
HPE,-16.81%,53.71%,-0.31,CLX,0.04,6.96%,-3.19%,8.41%,27.74%,24.57%,-21.94%,7.22%
HLT,-7.92%,50.10%,-0.16,HRL,-0.23,-5.73%,-3.18%,7.36%,30.40%,51.48%,0.47%,-7.89%
HFC,-44.52%,77.30%,-0.58,NFLX,-0.09,3.00%,3.01%,10.52%,33.19%,-8.85%,-46.47%,16.50%
HOLX,34.29%,46.37%,0.74,KR,0.09,-2.70%,-0.53%,5.35%,9.57%,27.77%,39.49%,4.65%
HD,23.98%,43.05%,0.56,VNT,0.02,-3.03%,3.05%,-3.73%,-3.83%,7.17%,24.50%,5.63%
HON,14.94%,43.53%,0.34,CLX,0.05,-0.84%,-1.81%,4.31%,29.82%,48.63%,22.97%,-4.28%
HRL,10.44%,29.46%,0.35,HLT,-0.25,4.08%,1.20%,-1.21%,-4.22%,-2.51%,5.39%,6.84%
HST,-20.10%,65.61%,-0.31,BIIB,-0.17,0.74%,-1.84%,4.28%,35.59%,35.59%,-19.71%,0.03%
HWM,-22.07%,74.59%,-0.30,KR,-0.08,-5.60%,-4.26%,21.65%,70.69%,80.06%,-7.19%,-14.23%
HPQ,20.99%,53.17%,0.39,KR,0.06,0.93%,0.40%,13.06%,30.56%,43.56%,24.11%,2.11%
HUM,6.31%,49.39%,0.13,VNT,0.12,-4.53%,-0.40%,2.59%,-0.72%,6.14%,12.71%,-4.26%
HBAN,-4.41%,63.59%,-0.07,KR,-0.10,-1.78%,-6.23%,5.82%,39.40%,43.56%,-11.06%,7.84%
HII,-38.37%,44.17%,-0.87,NEM,0.07,1.44%,-2.23%,6.42%,21.94%,-0.98%,-30.46%,-4.92%
IEX,11.05%,37.91%,0.29,KR,0.19,-2.64%,1.29%,3.13%,9.50%,26.77%,17.22%,-3.30%
IDXX,55.91%,40.46%,1.38,VNT,0.05,-2.70%,0.69%,8.44%,27.16%,51.40%,91.43%,-3.48%
INFO,16.58%,43.31%,0.38,VNT,-0.03,-3.65%,3.02%,-9.68%,14.66%,19.49%,20.28%,-0.75%
ITW,11.90%,40.91%,0.29,KR,0.16,-2.19%,0.13%,-2.86%,6.13%,17.96%,16.42%,-1.82%
ILMN,25.38%,45.25%,0.56,VNT,-0.02,2.74%,7.94%,14.87%,19.71%,-0.09%,11.53%,18.27%
INCY,4.90%,42.51%,0.12,LUMN,0.02,-6.43%,8.09%,2.89%,-3.08%,-16.34%,-0.39%,7.71%
IR,14.98%,49.95%,0.30,CPB,-0.11,-6.38%,-1.48%,2.91%,27.98%,62.02%,29.30%,-8.19%
INTC,-2.19%,54.06%,-0.04,VNT,0.09,-2.93%,-1.60%,3.04%,-3.09%,-15.56%,-14.69%,14.38%
ICE,19.16%,37.31%,0.51,KR,0.15,-2.93%,-2.84%,9.57%,15.55%,26.59%,26.15%,-1.86%
IBM,-5.60%,40.99%,-0.14,CLX,0.20,-0.02%,-7.62%,1.91%,4.96%,7.13%,-1.16%,-4.23%
IP,12.98%,50.19%,0.26,DPZ,0.14,-2.38%,2.75%,0.49%,24.00%,44.79%,13.84%,1.58%
IPG,11.65%,55.47%,0.21,CLX,0.02,-2.10%,-1.44%,5.57%,42.69%,40.55%,7.21%,6.16%
IFF,-7.01%,40.27%,-0.17,VNT,0.14,-2.50%,-1.62%,-2.23%,-10.49%,-9.92%,-13.34%,4.59%
INTU,30.87%,45.61%,0.68,VNT,0.05,-3.12%,1.04%,7.91%,16.65%,28.69%,46.12%,-2.20%
ISRG,23.51%,44.73%,0.53,KR,0.07,-1.42%,-4.41%,12.68%,15.30%,43.57%,38.39%,-5.42%
IVZ,21.42%,73.22%,0.29,KR,0.10,-0.76%,4.85%,7.39%,54.37%,65.96%,3.06%,22.38%
IPGP,40.04%,50.92%,0.79,VNT,0.05,-1.05%,2.90%,8.11%,31.66%,39.53%,54.42%,1.28%
IQV,13.36%,48.33%,0.28,KR,0.02,-4.07%,-1.17%,6.02%,13.66%,26.28%,15.96%,-0.40%
IRM,17.14%,45.76%,0.37,VNT,0.01,10.81%,0.43%,9.43%,12.33%,17.74%,0.99%,19.34%
JKHY,4.03%,38.79%,0.10,UAL,0.10,-3.37%,-1.97%,0.97%,-0.10%,-11.51%,12.37%,-6.71%
J,14.34%,41.85%,0.34,DPZ,0.14,-3.96%,0.74%,1.04%,17.69%,29.04%,22.36%,-4.09%
JBHT,15.67%,40.64%,0.39,KR,0.14,-5.39%,-3.54%,1.01%,8.36%,14.03%,18.11%,0.50%
SJM,20.08%,32.30%,0.62,CCL,-0.07,3.30%,0.13%,-1.37%,0.83%,10.95%,14.50%,7.28%
JNJ,15.94%,29.24%,0.55,VNT,0.09,-1.53%,2.03%,8.78%,6.44%,13.44%,10.82%,7.42%
JCI,19.41%,41.87%,0.46,DPZ,0.10,-3.89%,1.04%,1.76%,14.69%,38.11%,17.70%,6.14%
JPM,-1.38%,52.42%,-0.03,CLX,0.03,-2.83%,-3.50%,7.80%,33.22%,37.68%,-5.53%,4.00%
JNPR,10.33%,36.44%,0.28,VNT,0.06,5.95%,2.45%,3.40%,5.65%,0.20%,-5.34%,17.64%
KSU,28.46%,47.52%,0.60,KR,0.08,-4.70%,2.25%,9.89%,13.13%,37.33%,34.56%,1.53%
K,-6.91%,30.91%,-0.22,TDG,-0.03,2.36%,-1.24%,-2.63%,-2.78%,-4.17%,-6.78%,-1.27%
KEY,-10.03%,74.22%,-0.14,CLX,-0.04,-4.24%,-1.14%,6.14%,39.13%,38.28%,-14.50%,5.45%
KEYS,33.78%,42.61%,0.79,VNT,0.03,2.89%,-0.77%,10.04%,33.72%,31.07%,28.71%,13.63%
KMB,3.12%,30.14%,0.10,CARR,-0.13,1.11%,0.70%,-2.46%,-7.98%,-3.21%,0.95%,2.26%
KIM,-7.17%,72.62%,-0.10,CPB,-0.15,0.00%,1.15%,5.06%,34.73%,19.12%,-23.94%,18.45%
KMI,-27.05%,55.12%,-0.49,KR,-0.01,-2.63%,-1.10%,-4.94%,13.33%,-6.16%,-30.77%,7.53%
KLAC,46.56%,58.24%,0.80,VNT,0.16,-6.30%,0.29%,2.75%,34.16%,34.22%,47.94%,12.97%
KHC,13.24%,41.29%,0.32,VNT,0.12,1.02%,2.88%,5.22%,17.11%,11.25%,13.78%,0.03%
KR,24.00%,32.52%,0.74,MTB,-0.21,4.53%,-0.42%,-3.76%,-5.81%,-5.15%,11.90%,15.85%
LB,73.83%,92.65%,0.80,CPB,-0.07,-12.70%,0.18%,-4.17%,16.91%,148.43%,107.78%,9.71%
LHX,-8.75%,40.36%,-0.22,KR,0.14,-0.43%,-2.53%,-1.55%,11.78%,12.41%,-2.76%,-4.80%
LH,24.13%,50.67%,0.48,KR,0.15,-3.23%,2.32%,1.86%,8.12%,22.54%,20.32%,7.61%
LRCX,52.14%,62.43%,0.84,VNT,0.05,-6.81%,2.98%,4.60%,42.72%,46.95%,64.18%,8.79%
LW,-10.56%,57.15%,-0.18,CTXS,-0.09,-4.61%,-0.45%,8.79%,19.22%,24.04%,-7.23%,-3.86%
LVS,-30.57%,57.39%,-0.53,NEM,-0.13,-6.45%,1.38%,6.98%,27.73%,30.87%,-11.95%,-17.70%
LEG,-12.03%,64.51%,-0.19,KR,0.03,-1.82%,1.10%,3.79%,8.66%,28.42%,-9.05%,-3.39%
LDOS,11.87%,42.33%,0.28,KR,0.13,-0.37%,4.56%,4.73%,18.30%,13.03%,8.95%,5.21%
LEN,38.57%,66.01%,0.58,KR,-0.01,-1.13%,10.48%,0.49%,-6.39%,24.32%,37.97%,11.07%
LLY,44.69%,42.18%,1.06,CARR,0.05,-2.42%,8.06%,15.92%,14.65%,3.87%,31.04%,24.26%
LNC,-13.01%,92.30%,-0.14,CLX,0.01,-4.64%,-1.36%,6.54%,64.28%,41.50%,-10.07%,-2.76%
LIN,16.20%,38.11%,0.43,KR,0.13,-5.06%,-2.56%,3.15%,11.07%,25.17%,25.88%,-5.19%
LYV,-2.39%,70.65%,-0.03,CHD,-0.17,-0.26%,0.99%,11.93%,36.38%,65.76%,2.81%,-5.16%
LKQ,2.91%,63.71%,0.05,CLX,-0.06,-2.88%,-1.85%,0.06%,27.08%,34.50%,-1.29%,5.15%
LMT,-12.62%,40.05%,-0.32,VNT,0.10,0.55%,-2.13%,-2.75%,-6.74%,-1.45%,-6.49%,-6.17%
L,-9.10%,57.02%,-0.16,CLX,0.16,-1.88%,-1.48%,7.42%,29.74%,31.71%,-13.69%,3.75%
LOW,34.54%,50.66%,0.68,VNT,0.10,-3.45%,0.97%,3.01%,-2.89%,19.66%,36.40%,7.02%
LUMN,40.86%,54.06%,0.76,INCY,-0.09,5.28%,-2.27%,-6.70%,-1.07%,-0.48%,nan%,40.72%
LYB,-2.61%,69.18%,-0.04,CLX,0.03,-2.08%,-3.61%,7.71%,31.58%,43.31%,2.64%,-5.24%
MTB,-16.67%,61.91%,-0.27,KR,-0.07,-3.21%,-1.11%,9.28%,39.50%,24.85%,-22.16%,7.07%
MRO,-53.79%,99.36%,-0.54,CTXS,-0.13,0.94%,-1.21%,12.67%,63.98%,9.59%,-50.38%,12.67%
MPC,-23.59%,81.76%,-0.29,CLX,-0.05,-2.70%,4.02%,6.38%,43.00%,13.96%,-27.38%,6.72%
MKTX,33.61%,45.30%,0.74,ZION,-0.13,4.83%,-2.54%,5.82%,18.60%,14.15%,51.28%,-5.22%
MAR,-19.80%,63.99%,-0.31,EA,-0.24,-2.47%,-3.08%,3.98%,42.49%,53.88%,-12.53%,-6.94%
MMC,-0.71%,35.26%,-0.02,KR,0.03,-3.29%,-0.29%,2.06%,2.42%,9.86%,6.86%,-6.79%
MLM,4.21%,54.30%,0.08,KR,-0.01,-2.76%,1.98%,6.90%,20.91%,38.14%,2.57%,1.75%
MAS,13.74%,40.97%,0.34,KR,0.12,-1.66%,2.55%,2.35%,-0.11%,9.97%,15.78%,0.78%
MA,8.52%,47.39%,0.18,KR,0.01,-3.73%,1.77%,6.07%,5.67%,21.01%,20.19%,-8.46%
MKC,10.37%,37.16%,0.28,FANG,0.09,-2.10%,-1.67%,2.62%,-0.82%,8.05%,14.68%,-2.72%
MXIM,36.57%,42.68%,0.86,VNT,0.14,-5.73%,-1.60%,6.76%,31.12%,47.26%,47.55%,1.49%
MCD,7.11%,38.75%,0.18,KR,0.09,-3.89%,1.65%,-1.32%,-1.66%,17.70%,11.30%,-3.14%
MCK,25.02%,43.66%,0.57,VNT,0.11,-3.38%,0.32%,-3.33%,17.05%,13.94%,27.06%,4.27%
MDT,3.92%,40.06%,0.10,KR,-0.01,-4.50%,-0.20%,3.54%,13.28%,29.11%,5.70%,-2.00%
MRK,-11.28%,31.16%,-0.36,VNT,0.19,-3.96%,-2.88%,2.56%,-0.61%,7.39%,-7.20%,-4.36%
MET,2.09%,58.61%,0.04,CLX,0.04,-3.39%,-0.55%,1.69%,27.87%,31.74%,-3.42%,6.50%
MTD,36.29%,39.86%,0.91,VNT,0.14,-4.74%,1.34%,-0.90%,18.01%,41.48%,43.67%,3.44%
MGM,-11.07%,93.16%,-0.12,CTXS,-0.16,-4.16%,5.34%,11.55%,44.89%,87.60%,-4.56%,-6.47%
MCHP,25.54%,60.18%,0.42,KR,0.11,-8.24%,1.06%,2.77%,34.80%,31.98%,33.73%,0.08%
MU,32.60%,56.89%,0.57,VNT,0.09,-5.56%,1.93%,17.30%,60.09%,45.92%,39.79%,4.79%
MSFT,38.43%,42.66%,0.90,VNT,-0.03,0.25%,6.25%,3.90%,6.02%,9.84%,42.53%,7.57%
MAA,6.65%,45.40%,0.15,KR,0.13,-2.34%,1.64%,0.42%,10.15%,12.38%,-0.64%,6.26%
MHK,8.12%,72.26%,0.11,CLX,-0.05,-2.96%,0.54%,12.02%,44.43%,38.51%,3.35%,4.29%
TAP,0.57%,45.28%,0.01,DPZ,0.05,3.11%,-3.84%,-1.76%,34.65%,31.52%,-15.20%,18.01%
MDLZ,6.51%,32.80%,0.20,VNT,0.18,-2.03%,-1.70%,2.33%,2.33%,15.61%,8.58%,-2.02%
MNST,29.35%,34.89%,0.84,VNT,0.19,-3.23%,-3.76%,9.08%,15.31%,33.41%,45.52%,-4.71%
MCO,12.76%,48.59%,0.26,VNT,0.11,-2.10%,0.02%,2.80%,0.34%,6.07%,23.26%,-6.04%
MS,31.37%,55.24%,0.57,KR,0.09,-3.92%,-1.48%,10.84%,42.79%,43.93%,38.09%,2.11%
MOS,19.90%,77.41%,0.26,AKAM,-0.03,-2.52%,-1.08%,5.02%,26.23%,84.85%,7.60%,15.69%
MSI,7.65%,42.45%,0.18,DPZ,0.16,-0.58%,0.09%,-0.44%,8.91%,22.38%,7.35%,1.45%
MSCI,38.19%,50.63%,0.75,VNT,0.05,-2.79%,-0.82%,9.06%,25.40%,34.32%,74.38%,-12.08%
NDAQ,27.18%,40.70%,0.67,VNT,0.09,0.05%,0.27%,4.11%,8.59%,11.95%,25.99%,7.60%
NTAP,14.03%,50.33%,0.28,VNT,0.02,4.86%,0.15%,24.25%,52.74%,52.59%,10.94%,5.58%
NFLX,44.82%,47.89%,0.94,HFC,-0.04,-6.88%,13.49%,10.20%,8.14%,18.83%,67.11%,0.53%
NWL,28.29%,55.15%,0.51,KR,0.12,-4.91%,2.73%,-0.14%,25.06%,37.09%,16.73%,16.02%
NEM,33.77%,44.93%,0.75,HFC,-0.04,-4.21%,-0.18%,2.50%,-4.98%,-1.97%,40.28%,1.40%
NWSA,30.47%,47.61%,0.64,VNT,0.10,2.30%,-0.70%,1.81%,28.17%,52.51%,29.20%,8.32%
NWS,25.47%,48.57%,0.52,VNT,0.08,1.44%,-0.44%,-0.22%,27.11%,49.69%,24.46%,6.36%
NEE,32.06%,41.18%,0.78,MRO,0.20,-5.91%,2.65%,4.84%,11.70%,29.75%,32.25%,7.36%
NLSN,14.80%,56.32%,0.26,DPZ,0.05,0.87%,-1.81%,29.07%,47.71%,41.49%,4.35%,12.60%
NKE,27.28%,40.20%,0.68,KR,0.05,-3.02%,-0.97%,5.24%,12.92%,44.89%,40.97%,-4.91%
NI,-15.72%,44.25%,-0.36,VNT,0.13,-2.07%,-4.36%,-5.21%,5.23%,2.67%,-14.87%,-2.86%
NSC,20.97%,46.41%,0.45,KR,0.14,-1.03%,-3.45%,0.25%,11.51%,36.58%,24.76%,1.03%
NTRS,-10.39%,50.87%,-0.20,CLX,0.04,-3.56%,-1.91%,0.78%,20.36%,19.31%,-9.29%,-1.32%
NOC,-14.17%,38.40%,-0.37,TSLA,0.10,-0.30%,-0.86%,0.81%,-2.96%,-0.01%,-9.92%,-3.85%
NLOK,34.53%,36.11%,0.96,VNT,0.06,-0.67%,1.08%,13.99%,0.38%,6.08%,44.36%,0.87%
NCLH,-80.88%,128.46%,-0.63,GIS,-0.16,-0.55%,-3.11%,11.19%,48.63%,54.78%,-56.46%,-4.21%
NOV,-63.50%,85.62%,-0.74,CLX,-0.03,-3.17%,-9.08%,11.99%,51.55%,12.08%,-44.93%,-9.54%
NRG,7.54%,46.88%,0.16,CLX,0.08,-3.12%,1.74%,14.66%,23.33%,17.48%,-2.14%,9.53%
NUE,-8.00%,48.73%,-0.16,CLX,0.05,-2.78%,-1.24%,-0.17%,19.50%,30.59%,-1.76%,-6.56%
NVDA,72.10%,56.82%,1.27,CARR,0.07,-3.85%,6.63%,-2.56%,-3.49%,37.54%,122.30%,0.78%
NVR,13.11%,58.60%,0.22,VNT,0.04,-0.24%,11.87%,2.07%,-0.08%,25.20%,7.13%,7.83%
ORLY,0.20%,41.60%,0.00,VNT,0.05,-5.75%,-2.01%,2.29%,-1.85%,7.33%,3.27%,-2.76%
OXY,-57.62%,116.05%,-0.50,DPZ,-0.10,0.98%,-4.02%,9.89%,73.02%,-5.27%,-56.63%,19.47%
ODFL,41.82%,41.17%,1.02,KR,0.12,-6.37%,-1.34%,-3.95%,7.96%,15.26%,54.81%,1.33%
OMC,-14.59%,47.56%,-0.31,CLX,0.03,1.53%,-0.87%,0.03%,27.31%,16.83%,-19.58%,5.82%
OKE,-45.98%,95.25%,-0.48,CTXS,-0.05,-3.73%,-3.01%,7.00%,52.42%,23.16%,-43.45%,7.48%
ORCL,15.85%,38.44%,0.41,NEM,0.14,1.21%,-2.30%,12.08%,8.80%,18.01%,24.25%,-3.18%
OTIS,41.18%,39.42%,1.04,ATVI,-0.05,-2.00%,-0.99%,0.91%,8.54%,19.54%,nan%,-5.18%
PCAR,21.61%,36.02%,0.60,CLX,0.13,-1.44%,12.13%,-0.09%,2.36%,17.04%,11.74%,14.00%
PKG,18.97%,43.89%,0.43,DPZ,0.11,-2.84%,-1.49%,6.87%,27.40%,40.27%,27.20%,-3.00%
PH,23.87%,58.62%,0.41,KR,0.03,-6.41%,-3.51%,1.93%,35.18%,49.87%,34.78%,-2.78%
PAYX,8.48%,46.99%,0.18,KR,0.15,-0.06%,-1.70%,0.03%,17.70%,25.01%,13.25%,-3.50%
PAYC,34.01%,63.31%,0.54,KR,-0.04,-4.01%,2.71%,8.43%,45.28%,46.01%,70.82%,-13.74%
PYPL,70.83%,50.97%,1.39,CARR,0.06,-4.59%,5.09%,9.38%,18.87%,34.42%,116.51%,1.85%
PNR,23.57%,47.19%,0.50,KR,0.04,1.33%,1.02%,2.45%,16.43%,40.89%,17.89%,9.85%
PBCT,-10.33%,61.12%,-0.17,TTWO,0.05,-2.28%,-2.64%,4.27%,27.55%,15.51%,-18.91%,9.86%
PEP,4.62%,35.46%,0.13,CARR,0.05,-2.65%,-1.98%,3.55%,7.76%,13.74%,11.67%,-5.79%
PKI,37.69%,37.43%,1.01,KR,0.07,-3.08%,2.33%,7.89%,14.40%,46.47%,48.20%,2.06%
PRGO,-13.97%,45.50%,-0.31,VNT,0.06,-0.85%,-0.96%,-7.26%,-2.14%,-18.36%,-11.97%,-0.98%
PFE,1.62%,34.51%,0.05,VNT,0.08,-2.87%,-0.41%,-3.92%,6.80%,21.04%,3.07%,-0.74%
PM,1.14%,38.19%,0.03,VNT,0.14,-2.67%,-0.32%,10.87%,12.00%,21.78%,3.69%,-1.27%
PSX,-36.26%,67.09%,-0.54,KR,-0.06,-0.15%,1.13%,15.45%,37.01%,0.20%,-33.85%,2.19%
PNW,-9.11%,43.29%,-0.21,VNT,0.04,-1.54%,-1.86%,-2.32%,8.32%,11.24%,-7.68%,-3.04%
PXD,-21.16%,79.89%,-0.26,GIS,-0.07,-4.86%,2.97%,13.80%,33.11%,17.89%,-22.85%,2.97%
PNC,-3.74%,55.82%,-0.07,CLX,0.03,-2.44%,-1.43%,7.92%,37.00%,44.72%,-2.78%,-0.34%
POOL,48.59%,47.11%,1.03,CARR,-0.02,-2.48%,2.76%,7.62%,11.55%,37.51%,76.95%,-3.60%
PPG,7.75%,42.64%,0.18,KR,-0.00,-0.75%,-6.90%,-1.74%,18.60%,37.18%,10.08%,-1.20%
PPL,-15.13%,45.28%,-0.33,KR,0.13,-1.59%,-2.63%,0.66%,5.14%,12.37%,-16.87%,0.92%
PFG,0.76%,63.06%,0.01,KR,-0.07,-2.22%,0.28%,0.77%,24.59%,22.33%,-5.19%,6.29%
PG,6.88%,31.44%,0.22,CARR,0.11,-3.54%,-2.96%,0.19%,0.66%,17.75%,14.15%,-5.29%
PGR,26.60%,35.95%,0.74,VNT,0.11,-5.10%,-2.63%,13.51%,4.56%,23.72%,41.48%,-6.25%
PLD,17.19%,45.18%,0.38,VNT,0.18,-2.61%,3.62%,0.19%,-0.38%,8.02%,14.74%,4.36%
PRU,-7.28%,65.68%,-0.11,CLX,0.03,-2.44%,-1.18%,3.24%,24.72%,32.24%,-11.40%,4.51%
PEG,1.57%,39.62%,0.04,KR,0.11,-3.38%,-1.72%,0.90%,7.09%,20.74%,2.37%,-1.32%
PSA,10.84%,35.94%,0.30,VNT,0.10,0.09%,-0.71%,3.83%,4.64%,22.56%,12.69%,-0.81%
PHM,13.88%,64.56%,0.22,KR,0.02,-0.80%,14.50%,-0.84%,-6.54%,27.47%,12.55%,3.93%
PVH,-14.62%,86.40%,-0.17,CTXS,-0.13,-7.00%,-2.48%,18.12%,57.43%,95.40%,-10.61%,-4.92%
QRVO,33.82%,55.70%,0.61,KR,0.15,-5.32%,1.90%,6.12%,28.88%,50.43%,43.05%,2.46%
PWR,52.32%,48.25%,1.08,CLX,0.08,-4.24%,1.97%,5.47%,36.36%,83.91%,77.74%,1.00%
QCOM,54.71%,51.17%,1.07,CARR,0.10,-5.46%,3.39%,3.96%,30.01%,68.64%,77.08%,3.05%
DGX,17.93%,39.91%,0.45,CARR,0.13,-0.69%,0.51%,-3.88%,4.60%,5.59%,14.11%,6.36%
RL,-11.46%,60.59%,-0.19,CPB,-0.11,-5.85%,-1.45%,20.98%,52.63%,43.05%,-10.63%,-0.32%
RJF,9.68%,55.29%,0.18,DPZ,0.10,-3.28%,-0.87%,5.19%,31.49%,39.71%,8.70%,3.30%
RTX,-27.37%,55.60%,-0.49,CLX,-0.08,-2.53%,-2.34%,-0.29%,25.18%,17.76%,-21.95%,-4.47%
O,-10.65%,58.39%,-0.18,AKAM,-0.06,-0.51%,2.03%,4.07%,3.54%,6.92%,-11.60%,-0.74%
REG,-17.58%,66.21%,-0.27,BIIB,-0.10,-1.67%,-0.30%,1.31%,21.45%,2.01%,-23.86%,6.45%
REGN,30.12%,41.98%,0.72,PVH,-0.10,-5.25%,3.83%,-6.38%,-13.70%,-22.54%,28.66%,7.94%
RF,6.62%,68.64%,0.10,CLX,-0.02,-3.38%,-2.69%,6.59%,41.16%,48.32%,-1.61%,9.93%
RSG,5.43%,34.14%,0.16,KR,0.15,-3.16%,0.63%,0.01%,3.62%,18.43%,9.53%,-3.61%
RMD,30.82%,47.31%,0.65,SEE,0.08,-3.70%,1.84%,1.41%,24.21%,11.14%,38.33%,1.88%
RHI,5.99%,49.40%,0.12,KR,-0.09,-3.15%,7.09%,-2.65%,18.64%,19.62%,1.36%,4.29%
ROK,20.43%,48.17%,0.42,KR,0.04,-1.39%,4.06%,-1.86%,14.17%,18.81%,26.17%,-0.10%
ROL,46.07%,37.90%,1.22,FANG,0.09,-5.64%,-0.59%,2.49%,8.51%,38.92%,78.47%,-8.06%
ROP,17.93%,39.91%,0.45,VNT,0.21,0.64%,1.85%,0.96%,9.25%,11.32%,22.39%,-0.67%
ROST,-0.18%,56.17%,-0.00,CPB,-0.15,-3.38%,-3.11%,14.22%,31.60%,44.08%,5.81%,-6.58%
RCL,-59.69%,110.43%,-0.54,DPZ,-0.19,-0.48%,-1.32%,-5.23%,15.39%,48.49%,-43.50%,-7.53%
SPGI,15.87%,45.65%,0.35,VNT,0.09,-3.98%,3.00%,-6.55%,-8.66%,0.16%,21.40%,-1.79%
CRM,29.53%,50.19%,0.59,VNT,-0.01,-0.65%,5.93%,-9.47%,-11.46%,18.79%,36.82%,2.18%
SBAC,11.94%,40.95%,0.29,CARR,0.04,-2.08%,1.34%,-1.76%,-11.28%,-5.01%,17.81%,-3.14%
SLB,-49.30%,76.69%,-0.64,KR,-0.06,-4.09%,-2.01%,5.64%,41.14%,20.21%,-43.81%,3.34%
STX,16.33%,44.00%,0.37,VNT,-0.11,10.58%,-0.84%,6.80%,27.47%,31.51%,10.14%,9.35%
SEE,9.18%,52.05%,0.18,CLX,-0.04,-2.23%,2.48%,1.98%,18.40%,40.43%,16.97%,-4.47%
SRE,-15.30%,46.32%,-0.33,KR,0.07,-3.72%,-0.58%,0.76%,8.52%,10.58%,-12.78%,-3.58%
NOW,60.02%,48.98%,1.23,VNT,0.02,-3.00%,5.32%,2.97%,13.49%,35.89%,94.97%,0.38%
SHW,18.76%,41.68%,0.45,VNT,0.08,-0.84%,0.91%,-1.70%,5.67%,27.67%,27.05%,-3.64%
SPG,-30.11%,89.28%,-0.34,HRL,-0.14,-2.43%,2.68%,4.91%,36.43%,31.65%,-38.64%,15.32%
SWKS,27.02%,54.88%,0.49,VNT,0.15,-4.46%,6.10%,8.29%,5.45%,20.41%,28.36%,5.97%
SLG,-19.17%,76.33%,-0.25,BIIB,-0.03,1.64%,-1.82%,6.39%,34.43%,28.81%,-29.14%,14.54%
SNA,13.69%,47.19%,0.29,KR,0.06,4.41%,5.58%,-2.68%,17.16%,25.34%,4.03%,11.94%
SO,-0.50%,44.33%,-0.01,VNT,0.15,-1.93%,0.80%,2.64%,14.45%,21.09%,0.63%,-1.99%
LUV,-18.22%,60.56%,-0.30,DPZ,-0.10,-3.62%,1.56%,0.58%,24.29%,36.37%,-13.32%,-3.90%
SWK,10.35%,60.31%,0.17,KR,0.02,-1.85%,1.49%,-3.12%,10.50%,29.14%,9.73%,2.04%
SBUX,13.09%,44.55%,0.29,KR,0.07,-6.51%,1.54%,9.14%,25.10%,46.85%,24.19%,-6.89%
STT,-5.46%,57.00%,-0.10,CLX,0.01,-3.43%,-3.90%,4.01%,23.56%,16.36%,-4.76%,-0.81%
STE,22.76%,37.47%,0.61,KR,0.16,-0.46%,2.38%,-2.20%,7.80%,24.10%,25.50%,1.54%
SYK,9.81%,47.40%,0.21,CLX,0.05,-3.05%,-0.85%,5.26%,17.91%,36.73%,18.17%,-6.11%
SIVB,53.65%,63.02%,0.85,CLX,0.09,-7.05%,4.06%,12.46%,61.18%,79.94%,54.49%,17.53%
SYF,1.25%,73.65%,0.02,CLX,-0.05,-2.83%,-3.61%,13.92%,33.79%,59.51%,-0.08%,2.16%
SNPS,57.14%,41.83%,1.37,VNT,0.07,-4.34%,4.33%,13.95%,21.15%,32.94%,86.24%,1.07%
SYY,-10.23%,67.51%,-0.15,CPB,-0.05,-2.90%,-0.50%,4.17%,20.22%,37.98%,-10.40%,-0.23%
TMUS,45.45%,40.04%,1.14,VNT,-0.04,-6.19%,2.42%,1.44%,17.92%,29.48%,71.96%,-5.54%
TROW,30.98%,46.77%,0.66,DPZ,0.16,-2.55%,-0.13%,6.20%,18.78%,24.20%,28.11%,10.54%
TTWO,44.60%,41.39%,1.08,CARR,-0.04,-2.20%,4.27%,15.11%,25.77%,48.88%,69.72%,-2.71%
TPR,15.83%,80.52%,0.20,CLX,-0.01,-6.65%,2.11%,9.75%,98.85%,134.04%,16.86%,2.77%
TGT,34.20%,36.93%,0.93,CARR,0.00,-5.02%,-1.48%,-1.67%,12.60%,48.53%,40.47%,4.11%
TEL,24.95%,46.61%,0.54,KR,0.01,-2.92%,0.34%,6.23%,24.41%,49.87%,28.95%,1.37%
FTI,-54.84%,89.97%,-0.61,KR,-0.07,5.80%,-5.40%,13.12%,48.97%,37.43%,-55.23%,20.74%
TDY,7.13%,51.15%,0.14,KR,0.02,1.03%,1.72%,3.71%,26.36%,26.06%,13.11%,-4.44%
TFX,2.57%,43.30%,0.06,KR,0.04,-2.76%,-0.50%,7.53%,21.01%,13.28%,9.75%,-7.20%
TER,51.61%,52.08%,0.99,CARR,0.16,-5.79%,0.47%,8.66%,51.02%,42.16%,76.73%,1.73%
TSLA,208.31%,87.07%,2.39,KR,0.06,-2.14%,2.48%,24.33%,64.49%,226.76%,743.44%,19.78%
TXN,26.99%,41.84%,0.65,VNT,0.14,-4.98%,2.14%,1.79%,15.77%,31.09%,31.70%,2.22%
TXT,4.28%,65.55%,0.07,DPZ,0.08,-7.46%,1.61%,7.21%,33.97%,46.99%,8.60%,-2.52%
TMO,39.49%,36.64%,1.08,SPG,0.06,-4.99%,2.28%,0.22%,5.54%,28.67%,43.72%,7.54%
TJX,7.45%,50.39%,0.15,CLX,-0.01,-0.84%,-2.26%,7.53%,22.71%,35.07%,12.25%,-3.72%
TSCO,44.60%,38.58%,1.16,CARR,-0.02,1.20%,-1.18%,-0.16%,-1.63%,7.28%,52.33%,5.93%
TT,31.09%,43.72%,0.71,KR,0.02,-6.13%,2.11%,-0.37%,20.16%,64.45%,43.42%,-1.25%
TDG,-2.28%,68.64%,-0.03,K,-0.09,-4.71%,-1.47%,6.85%,30.25%,40.00%,10.51%,-10.91%
TRV,5.11%,48.11%,0.11,KR,0.08,-2.93%,1.82%,8.95%,30.56%,24.79%,5.31%,-0.06%
TFC,-8.09%,64.44%,-0.13,CLX,-0.01,-3.68%,-1.52%,3.25%,27.14%,30.27%,-11.16%,3.75%
TWTR,41.03%,61.44%,0.67,VNT,-0.05,-2.98%,6.37%,16.43%,21.69%,81.77%,68.95%,-5.52%
TYL,32.28%,33.90%,0.95,VNT,-0.04,0.70%,0.49%,2.09%,25.24%,25.84%,45.50%,-1.96%
TSN,-28.46%,47.38%,-0.60,KR,0.02,-2.69%,2.73%,-1.17%,9.09%,9.38%,-27.35%,1.04%
UDR,-10.36%,49.73%,-0.21,KR,0.01,-2.68%,-0.79%,-0.10%,19.06%,4.90%,-14.54%,3.33%
ULTA,14.38%,62.58%,0.23,CPB,-0.10,-2.80%,-0.64%,4.27%,28.21%,41.17%,13.44%,2.46%
USB,-24.52%,56.75%,-0.43,CLX,-0.00,-5.27%,-5.25%,8.81%,31.15%,29.20%,-17.85%,-6.27%
UAA,-17.88%,68.49%,-0.26,KR,0.02,-6.27%,2.32%,3.62%,52.89%,76.28%,-20.51%,4.37%
UA,-23.57%,65.63%,-0.36,KR,0.00,-6.93%,1.92%,2.27%,51.22%,68.33%,-22.42%,1.48%
UNP,12.27%,41.39%,0.30,CLX,0.06,-2.86%,-4.37%,2.03%,6.26%,24.36%,17.64%,-2.74%
UAL,-67.47%,100.81%,-0.67,HRL,-0.19,-0.82%,-3.99%,-4.00%,24.46%,24.96%,-50.90%,-1.48%
UNH,15.67%,46.80%,0.33,VNT,0.07,-2.95%,-1.07%,4.64%,12.89%,19.81%,21.25%,-1.52%
UPS,29.43%,39.63%,0.74,NEM,0.14,-2.34%,0.06%,-1.56%,1.68%,53.36%,48.64%,-5.55%
URI,36.33%,66.59%,0.55,CLX,0.03,-4.81%,1.35%,2.17%,32.90%,55.60%,39.06%,9.04%
UHS,-9.62%,63.81%,-0.15,CLX,0.04,-1.61%,-2.55%,5.30%,28.48%,48.02%,-4.00%,-6.66%
UNM,-8.09%,77.70%,-0.10,CLX,0.01,-1.87%,0.71%,3.19%,38.69%,42.94%,-16.22%,8.97%
VLO,-38.47%,76.22%,-0.50,KR,-0.08,1.00%,1.97%,5.21%,32.93%,-0.37%,-35.69%,2.85%
VAR,19.49%,43.99%,0.44,VNT,-0.06,-0.11%,0.00%,0.59%,1.75%,42.84%,23.24%,0.22%
VTR,-10.32%,83.79%,-0.12,CPB,-0.08,-2.39%,0.31%,3.31%,17.96%,36.60%,-9.80%,-2.56%
VRSN,1.48%,38.63%,0.04,CARR,-0.07,-0.75%,-0.27%,7.81%,5.64%,4.63%,12.31%,-9.02%
VRSK,21.95%,37.36%,0.59,VNT,0.06,-2.24%,1.44%,4.83%,12.18%,22.32%,39.89%,-9.39%
VZ,-3.05%,23.95%,-0.13,TSLA,0.16,-2.55%,0.16%,-2.75%,-0.19%,8.91%,-0.13%,-3.33%
VRTX,4.67%,45.91%,0.10,CARR,0.03,-5.21%,5.34%,3.77%,-13.15%,-18.59%,7.94%,-1.92%
VFC,-16.58%,55.97%,-0.30,KR,0.02,-7.02%,-0.06%,2.98%,22.25%,41.92%,-12.00%,-5.49%
VIAC,20.25%,70.71%,0.29,DPZ,-0.04,7.86%,0.62%,6.33%,33.93%,62.19%,-7.58%,37.31%
VTRS,-11.93%,45.20%,-0.26,KR,0.09,-1.35%,2.23%,11.41%,26.37%,16.54%,-6.77%,-8.32%
V,5.71%,41.38%,0.14,KR,0.07,-3.48%,0.21%,3.98%,9.55%,13.57%,17.12%,-8.49%
VNT,46.62%,32.14%,1.45,DPZ,-0.25,-5.05%,-3.68%,0.69%,nan%,nan%,nan%,-2.62%
VNO,-37.55%,68.38%,-0.55,BIIB,-0.07,1.20%,-1.71%,-4.03%,12.64%,0.87%,-40.43%,10.34%
VMC,4.33%,52.46%,0.08,AKAM,-0.03,-2.97%,-1.58%,6.20%,9.69%,28.67%,4.15%,0.45%
WRB,-6.15%,47.47%,-0.13,KR,0.11,-5.10%,-0.39%,2.17%,8.82%,16.37%,-3.14%,-4.37%
WAB,-2.27%,54.03%,-0.04,KR,-0.05,-2.92%,-1.75%,-0.14%,18.50%,27.59%,-5.23%,3.43%
WMT,19.44%,30.14%,0.64,FANG,-0.08,-2.49%,1.17%,-5.31%,3.41%,21.28%,23.32%,0.92%
WBA,-9.68%,47.64%,-0.20,VNT,0.01,4.05%,-3.00%,4.92%,12.34%,-3.71%,-29.37%,27.21%
DIS,14.09%,47.09%,0.30,CLX,-0.08,-3.85%,0.78%,22.41%,46.02%,62.48%,25.27%,-6.15%
WM,2.52%,33.89%,0.07,DPZ,0.14,-2.62%,0.56%,-0.54%,4.69%,12.41%,5.46%,-3.20%
WAT,13.12%,38.52%,0.34,KR,-0.19,-1.69%,1.97%,6.64%,26.44%,37.15%,5.89%,8.86%
WEC,1.41%,42.05%,0.03,VNT,-0.01,1.68%,-1.48%,-3.08%,-4.45%,6.37%,2.49%,-1.42%
WFC,-47.77%,60.13%,-0.79,CLX,0.05,-3.86%,-0.44%,10.35%,28.96%,18.92%,-41.65%,2.19%
WELL,-19.41%,73.07%,-0.27,SJM,-0.07,-3.24%,-1.84%,2.60%,18.60%,27.63%,-17.19%,-3.93%
WST,62.55%,37.89%,1.65,VNT,0.00,-2.15%,0.28%,2.96%,3.12%,24.86%,89.05%,5.30%
WDC,-14.52%,67.93%,-0.21,CLX,0.03,2.17%,-0.98%,23.42%,51.55%,25.46%,-10.89%,-5.31%
WU,-10.69%,42.23%,-0.25,VNT,0.14,1.40%,0.59%,-1.79%,3.39%,3.51%,-14.72%,6.29%
WRK,0.02%,64.85%,0.00,CLX,0.06,-4.63%,2.17%,3.13%,25.91%,55.81%,4.63%,-4.27%
WY,10.20%,67.29%,0.15,KR,0.09,-2.84%,2.12%,16.14%,18.26%,50.17%,13.04%,-1.76%
WHR,29.76%,60.20%,0.49,VNT,0.15,2.90%,1.89%,-7.26%,-1.21%,41.19%,26.52%,7.79%
WMB,-1.86%,62.69%,-0.03,CLX,-0.02,-1.07%,-4.00%,-2.70%,3.89%,9.41%,-8.20%,7.13%
WLTW,4.02%,39.23%,0.10,CARR,0.07,-2.02%,-0.07%,1.54%,1.24%,7.69%,5.83%,-1.53%
WYNN,-28.73%,83.11%,-0.35,HRL,-0.20,-4.82%,1.15%,12.27%,57.12%,51.47%,-18.07%,-9.59%
XEL,4.83%,38.30%,0.13,CARR,0.05,-3.02%,-0.31%,-0.37%,-2.75%,8.05%,7.77%,-3.24%
XRX,-48.01%,64.10%,-0.75,KR,-0.01,-0.95%,-6.31%,7.11%,24.91%,55.43%,-33.61%,-10.13%
XLNX,29.73%,48.12%,0.62,VNT,0.11,-7.29%,4.64%,-2.60%,36.39%,45.03%,47.23%,-5.04%
XYL,23.12%,44.74%,0.52,KR,0.18,-1.29%,-0.87%,6.06%,21.35%,57.65%,30.90%,-1.81%
YUM,3.40%,41.81%,0.08,CLX,-0.03,-4.06%,0.44%,2.61%,19.44%,26.09%,9.85%,-4.52%
ZBRA,40.01%,48.10%,0.83,NEM,0.16,-0.96%,-0.09%,1.56%,52.23%,50.16%,50.46%,2.63%
ZBH,5.16%,48.09%,0.11,CPB,-0.08,-3.55%,0.56%,3.50%,13.37%,29.53%,3.77%,2.40%
ZION,-9.15%,58.16%,-0.16,KR,-0.11,-4.86%,-2.08%,12.57%,49.95%,30.12%,-13.17%,3.66%
ZTS,17.27%,38.24%,0.45,KR,0.08,-4.11%,1.25%,3.19%,0.20%,21.09%,25.76%,-3.42%
